quarter,entity,metric,value,unit,source_url,note
2015Q1,SBAC,domestic_site_leasing_revenue,305.95,usd_m,https://www.sec.gov/Archives/edgar/data/1034054/000119312515144553/d914887dex991.htm,"[segment table, three months, $000s] Domestic Site Leasing Segment revenue $ 305,950"
2015Q2,SBAC,domestic_site_leasing_revenue,307.361,usd_m,https://www.sec.gov/Archives/edgar/data/1034054/000119312515268661/d76970dex991.htm,"[segment table, three months, $000s] Domestic Site Leasing Segment revenue $ 307,361"
2015Q3,SBAC,domestic_site_leasing_revenue,313.131,usd_m,https://www.sec.gov/Archives/edgar/data/1034054/000119312515366490/d23522dex991.htm,"[segment table, three months, $000s] Domestic Site Leasing Segment revenue $ 313,131"
2015Q4,SBAC,domestic_site_leasing_revenue,310.316,usd_m,https://www.sec.gov/Archives/edgar/data/1034054/000119312516478323/d149365dex991.htm,"[segment table, three months, $000s] Domestic Site Leasing Segment revenue $ 310,316"
2016Q1,SBAC,domestic_site_leasing_revenue,315.23,usd_m,https://www.sec.gov/Archives/edgar/data/1034054/000119312516572663/d164030dex991.htm,"[segment table, three months, $000s] Domestic Site Leasing Segment revenue $ 315,230"
2016Q2,SBAC,domestic_site_leasing_revenue,316.8,usd_m,https://www.sec.gov/Archives/edgar/data/1034054/000119312516662346/d388864dex991.htm,Domestic site leasing revenue and International site leasing revenue were $316.8 million and $65.0 million
2016Q3,SBAC,domestic_site_leasing_revenue,319.1,usd_m,https://www.sec.gov/Archives/edgar/data/1034054/000119312516755348/d277134dex991.htm,Domestic site leasing revenue and International site leasing revenue were $319.1 million and $69.1 million
2016Q4,SBAC,domestic_site_leasing_revenue,322.7,usd_m,https://www.sec.gov/Archives/edgar/data/1034054/000119312517058954/d345332dex991.htm,domestic site leasing revenue of $322.7 million and international site leasing revenue of $70.9 million
2017Q1,SBAC,domestic_site_leasing_revenue,321.1,usd_m,https://www.sec.gov/Archives/edgar/data/1034054/000119312517151850/d371822dex991.htm,domestic site leasing revenue of $321.1 million and international site leasing revenue of $76.4 million
2017Q2,SBAC,domestic_site_leasing_revenue,325.3,usd_m,https://www.sec.gov/Archives/edgar/data/1034054/000119312517242391/d432645dex991.htm,domestic site leasing revenue of $325.3 million and international site leasing revenue of $77.7 million
2017Q3,SBAC,domestic_site_leasing_revenue,328.4,usd_m,https://www.sec.gov/Archives/edgar/data/1034054/000119312517324958/d477152dex991.htm,domestic site leasing revenue of $328.4 million and international site leasing revenue of $80.1 million
2017Q4,SBAC,domestic_site_leasing_revenue,333.5,usd_m,https://www.sec.gov/Archives/edgar/data/1034054/000119312518058493/d529804dex991.htm,domestic site leasing revenue of $333.5 million and international site leasing revenue of $80.5 million
2018Q1,SBAC,domestic_site_leasing_revenue,341.7,usd_m,https://www.sec.gov/Archives/edgar/data/1034054/000119312518143220/d579468dex991.htm,domestic site leasing revenue of $341.7 million and international site leasing revenue of $88.8 million
2018Q2,SBAC,domestic_site_leasing_revenue,346.7,usd_m,https://www.sec.gov/Archives/edgar/data/1034054/000119312518231494/d585243dex991.htm,domestic site leasing revenue of $346.7 million and international site leasing revenue of $83.2 million
2018Q3,SBAC,domestic_site_leasing_revenue,353.5,usd_m,https://www.sec.gov/Archives/edgar/data/1034054/000119312518318434/d641050dex991.htm,domestic site leasing revenue of $353.5 million and international site leasing revenue of $81.8 million
2018Q4,SBAC,domestic_site_leasing_revenue,358.2,usd_m,https://www.sec.gov/Archives/edgar/data/1034054/000119312519047020/d712252dex991.htm,domestic site leasing revenue of $358.2 million and international site leasing revenue of $86.5 million
2019Q1,SBAC,domestic_site_leasing_revenue,362.8,usd_m,https://www.sec.gov/Archives/edgar/data/1034054/000119312519125229/d682325dex991.htm,domestic site leasing revenue of $362.8 million and international site leasing revenue of $89.3 million
2019Q2,SBAC,domestic_site_leasing_revenue,369.2,usd_m,https://www.sec.gov/Archives/edgar/data/1034054/000119312519205448/d766315dex991.htm,domestic site leasing revenue of $369.2 million and international site leasing revenue of $89.8 million
2019Q3,SBAC,domestic_site_leasing_revenue,374.7,usd_m,https://www.sec.gov/Archives/edgar/data/1034054/000119312519276205/d667448dex991.htm,domestic site leasing revenue of $374.7 million and international site leasing revenue of $93.9 million
2019Q4,SBAC,domestic_site_leasing_revenue,380.4,usd_m,https://www.sec.gov/Archives/edgar/data/1034054/000119312520043511/d876462dex991.htm,domestic site leasing revenue of $380.4 million and international site leasing revenue of $100.7 million
2020Q1,SBAC,domestic_site_leasing_revenue,386.3,usd_m,https://www.sec.gov/Archives/edgar/data/1034054/000119312520133742/d926741dex991.htm,domestic site leasing revenue of $386.3 million and international site leasing revenue of $106.0 million
2020Q2,SBAC,domestic_site_leasing_revenue,388.0,usd_m,https://www.sec.gov/Archives/edgar/data/1034054/000119312520208085/d47475dex991.htm,domestic site leasing revenue of $388.0 million and international site leasing revenue of $94.4 million
2020Q3,SBAC,domestic_site_leasing_revenue,391.0,usd_m,https://www.sec.gov/Archives/edgar/data/1034054/000119312520283965/d11393dex991.htm,domestic site leasing revenue of $391.0 million and international site leasing revenue of $95.8 million
2020Q4,SBAC,domestic_site_leasing_revenue,393.0,usd_m,https://www.sec.gov/Archives/edgar/data/1034054/000119312521050767/d79203dex991.htm,domestic site leasing revenue of $393.0 million and international site leasing revenue of $100.0 million
2021Q1,SBAC,domestic_site_leasing_revenue,403.6,usd_m,https://www.sec.gov/Archives/edgar/data/1034054/000119312521131536/d131167dex991.htm,domestic site leasing revenue of $403.6 million and international site leasing revenue of $101.5 million
2021Q2,SBAC,domestic_site_leasing_revenue,418.8,usd_m,https://www.sec.gov/Archives/edgar/data/1034054/000119312521233229/d214114dex991.htm,domestic site leasing revenue of $418.8 million and international site leasing revenue of $105.3 million
2021Q3,SBAC,domestic_site_leasing_revenue,426.8,usd_m,https://www.sec.gov/Archives/edgar/data/1034054/000119312521315417/d251799dex991.htm,domestic site leasing revenue of $426.8 million and international site leasing revenue of $108.7 million
2021Q4,SBAC,domestic_site_leasing_revenue,432.2,usd_m,https://www.sec.gov/Archives/edgar/data/1034054/000119312522057959/d187289dex991.htm,domestic site leasing revenue of $432.2 million and international site leasing revenue of $107.2 million
2022Q1,SBAC,domestic_site_leasing_revenue,433.0,usd_m,https://www.sec.gov/Archives/edgar/data/1034054/000119312522117571/d397141dex991.htm,domestic site leasing revenue of $433.0 million and international site leasing revenue of $126.4 million
2022Q2,SBAC,domestic_site_leasing_revenue,442.1,usd_m,https://www.sec.gov/Archives/edgar/data/1034054/000119312522208666/d356895dex991.htm,domestic site leasing revenue of $442.1 million and international site leasing revenue of $138.1 million
2022Q3,SBAC,domestic_site_leasing_revenue,449.6,usd_m,https://www.sec.gov/Archives/edgar/data/1034054/000119312522273903/d408744dex991.htm,domestic site leasing revenue of $449.6 million and international site leasing revenue of $137.7 million
2022Q4,SBAC,domestic_site_leasing_revenue,452.9,usd_m,https://www.sec.gov/Archives/edgar/data/1034054/000119312523043475/d459663dex991.htm,domestic site leasing revenue of $452.9 million and international site leasing revenue of $156.7 million
2023Q1,SBAC,domestic_site_leasing_revenue,454.8,usd_m,https://www.sec.gov/Archives/edgar/data/1034054/000119312523130434/d459940dex991.htm,domestic site leasing revenue of $454.8 million and international site leasing revenue of $162.4 million
2023Q2,SBAC,domestic_site_leasing_revenue,456.8,usd_m,https://www.sec.gov/Archives/edgar/data/1034054/000119312523199109/d505105dex991.htm,domestic site leasing revenue of $456.8 million and international site leasing revenue of $169.4 million
2023Q3,SBAC,domestic_site_leasing_revenue,468.4,usd_m,https://www.sec.gov/Archives/edgar/data/1034054/000119312523269367/d450780dex991.htm,domestic site leasing revenue of $468.4 million and international site leasing revenue of $169.1 million
2023Q4,SBAC,domestic_site_leasing_revenue,466.6,usd_m,https://www.sec.gov/Archives/edgar/data/1034054/000119312524046183/d764571dex991.htm,domestic site leasing revenue of $466.6 million and international site leasing revenue of $169.5 million
2024Q1,SBAC,domestic_site_leasing_revenue,461.5,usd_m,https://www.sec.gov/Archives/edgar/data/1034054/000119312524122368/d739171dex991.htm,domestic site leasing revenue of $461.5 million and international site leasing revenue of $166.8 million
2024Q2,SBAC,domestic_site_leasing_revenue,463.2,usd_m,https://www.sec.gov/Archives/edgar/data/1034054/000119312524187567/d859348dex991.htm,domestic site leasing revenue of $463.2 million and international site leasing revenue of $163.3 million
2024Q3,SBAC,domestic_site_leasing_revenue,464.9,usd_m,https://www.sec.gov/Archives/edgar/data/1034054/000119312524245518/d895243dex991.htm,domestic site leasing revenue of $464.9 million and international site leasing revenue of $160.8 million
2024Q4,SBAC,domestic_site_leasing_revenue,471.8,usd_m,https://www.sec.gov/Archives/edgar/data/1034054/000119312525033399/d830235dex991.htm,"[segment summary, Q4 2024 vs Q4 2023, $ in millions] Domestic site leasing revenue $ 471.8 $ 466.6"
2025Q1,SBAC,domestic_site_leasing_revenue,461.0,usd_m,https://www.sec.gov/Archives/edgar/data/1034054/000119312525100556/d788453dex991.htm,"[segment summary, Q1 2025 vs Q1 2024, $ in millions] Domestic site leasing revenue $ 461.0 $ 461.5"
2025Q2,SBAC,domestic_site_leasing_revenue,469.8,usd_m,https://www.sec.gov/Archives/edgar/data/1034054/000119312525172604/d36808dex991.htm,"[segment summary, Q2 2025 vs Q2 2024, $ in millions] Domestic site leasing revenue $ 469.8 $ 463.2"
2025Q3,SBAC,domestic_site_leasing_revenue,470.2,usd_m,https://www.sec.gov/Archives/edgar/data/1034054/000119312525262644/d94208dex991.htm,"[segment summary, Q3 2025 vs Q3 2024, $ in millions] Domestic site leasing revenue $ 470.2 $ 464.9"
2025Q4,SBAC,domestic_site_leasing_revenue,464.5,usd_m,https://www.sec.gov/Archives/edgar/data/1034054/000119312526076767/d106126dex991.htm,"[segment summary, Q4 2025 vs Q4 2024, $ in millions] Domestic site leasing revenue $ 464.5 $ 471.8"
2026Q1,SBAC,domestic_site_leasing_revenue,450.3,usd_m,https://www.sec.gov/Archives/edgar/data/1034054/000119312526191545/d49075dex991.htm,"[segment summary, Q1 2026 vs Q1 2025, $ in millions] Domestic site leasing revenue $ 450.3 $ 461.0"
2026Q2,SBAC,domestic_site_leasing_revenue,452.5,usd_m,https://www.sec.gov/Archives/edgar/data/1034054/000119312526330639/d154311dex991.htm,"[segment summary, Q2 2026 vs Q2 2025, $ in millions] Domestic site leasing revenue $ 452.5 $ 469.8"
2015Q1,SBAC,towers_built,107,towers,https://www.sec.gov/Archives/edgar/data/1034054/000119312515144553/d914887dex991.htm,SBA also built 107 towers during the first quarter of 2015
2015Q2,SBAC,towers_built,117,towers,https://www.sec.gov/Archives/edgar/data/1034054/000119312515268661/d76970dex991.htm,SBA also built 117 towers during the second quarter of 2015
2015Q3,SBAC,towers_built,127,towers,https://www.sec.gov/Archives/edgar/data/1034054/000119312515366490/d23522dex991.htm,SBA also built 127 towers during the third quarter of 2015
2015Q4,SBAC,towers_built,100,towers,https://www.sec.gov/Archives/edgar/data/1034054/000119312516478323/d149365dex991.htm,SBA also built 100 towers during the fourth quarter of 2015
2016Q1,SBAC,towers_built,71,towers,https://www.sec.gov/Archives/edgar/data/1034054/000119312516572663/d164030dex991.htm,SBA also built 71 towers during the first quarter of 2016
2016Q2,SBAC,towers_built,90,towers,https://www.sec.gov/Archives/edgar/data/1034054/000119312516662346/d388864dex991.htm,SBA also built 90 towers during the second quarter of 2016
2016Q3,SBAC,towers_built,93,towers,https://www.sec.gov/Archives/edgar/data/1034054/000119312516755348/d277134dex991.htm,SBA also built 93 towers during the third quarter of 2016
2016Q4,SBAC,towers_built,118,towers,https://www.sec.gov/Archives/edgar/data/1034054/000119312517058954/d345332dex991.htm,SBA also built 118 towers during the fourth quarter of 2016
2017Q1,SBAC,towers_built,58,towers,https://www.sec.gov/Archives/edgar/data/1034054/000119312517151850/d371822dex991.htm,SBA also built 58 towers during the first quarter of 2017
2017Q2,SBAC,towers_built,96,towers,https://www.sec.gov/Archives/edgar/data/1034054/000119312517242391/d432645dex991.htm,SBA also built 96 towers during the second quarter of 2017
2017Q3,SBAC,towers_built,134,towers,https://www.sec.gov/Archives/edgar/data/1034054/000119312517324958/d477152dex991.htm,SBA also built 134 towers during the third quarter of 2017
2017Q4,SBAC,towers_built,176,towers,https://www.sec.gov/Archives/edgar/data/1034054/000119312518058493/d529804dex991.htm,SBA also built 176 towers during the fourth quarter of 2017
2018Q1,SBAC,towers_built,67,towers,https://www.sec.gov/Archives/edgar/data/1034054/000119312518143220/d579468dex991.htm,SBA also built 67 towers during the first quarter of 2018
2018Q2,SBAC,towers_built,87,towers,https://www.sec.gov/Archives/edgar/data/1034054/000119312518231494/d585243dex991.htm,SBA also built 87 towers during the second quarter of 2018
2018Q3,SBAC,towers_built,90,towers,https://www.sec.gov/Archives/edgar/data/1034054/000119312518318434/d641050dex991.htm,SBA also built 90 towers during the third quarter of 2018
2018Q4,SBAC,towers_built,169,towers,https://www.sec.gov/Archives/edgar/data/1034054/000119312519047020/d712252dex991.htm,SBA also built 169 towers during the fourth quarter of 2018
2019Q1,SBAC,towers_built,72,towers,https://www.sec.gov/Archives/edgar/data/1034054/000119312519125229/d682325dex991.htm,SBA also built 72 towers during the first quarter of 2019
2019Q2,SBAC,towers_built,87,towers,https://www.sec.gov/Archives/edgar/data/1034054/000119312519205448/d766315dex991.htm,SBA also built 87 towers during the second quarter of 2019
2019Q3,SBAC,towers_built,98,towers,https://www.sec.gov/Archives/edgar/data/1034054/000119312519276205/d667448dex991.htm,SBA also built 98 towers during the third quarter of 2019
2019Q4,SBAC,towers_built,170,towers,https://www.sec.gov/Archives/edgar/data/1034054/000119312520043511/d876462dex991.htm,SBA also built 170 towers during the fourth quarter of 2019
2020Q1,SBAC,towers_built,49,towers,https://www.sec.gov/Archives/edgar/data/1034054/000119312520133742/d926741dex991.htm,SBA also built 49 towers during the first quarter of 2020
2020Q2,SBAC,towers_built,79,towers,https://www.sec.gov/Archives/edgar/data/1034054/000119312520208085/d47475dex991.htm,SBA also built 79 towers during the second quarter of 2020
2020Q3,SBAC,towers_built,75,towers,https://www.sec.gov/Archives/edgar/data/1034054/000119312520283965/d11393dex991.htm,SBA also built 75 towers during the third quarter of 2020
2020Q4,SBAC,towers_built,106,towers,https://www.sec.gov/Archives/edgar/data/1034054/000119312521050767/d79203dex991.htm,SBA also built 106 towers during the fourth quarter of 2020
2021Q1,SBAC,towers_built,62,towers,https://www.sec.gov/Archives/edgar/data/1034054/000119312521131536/d131167dex991.htm,SBA also built 62 towers during the first quarter of 2021
2021Q2,SBAC,towers_built,98,towers,https://www.sec.gov/Archives/edgar/data/1034054/000119312521233229/d214114dex991.htm,SBA also built 98 towers during the second quarter of 2021
2021Q3,SBAC,towers_built,87,towers,https://www.sec.gov/Archives/edgar/data/1034054/000119312521315417/d251799dex991.htm,SBA also built 87 towers during the third quarter of 2021
2021Q4,SBAC,towers_built,88,towers,https://www.sec.gov/Archives/edgar/data/1034054/000119312522057959/d187289dex991.htm,SBA also built 88 towers during the fourth quarter of 2021
2022Q1,SBAC,towers_built,86,towers,https://www.sec.gov/Archives/edgar/data/1034054/000119312522117571/d397141dex991.htm,SBA also built 86 towers during the first quarter of 2022
2022Q2,SBAC,towers_built,100,towers,https://www.sec.gov/Archives/edgar/data/1034054/000119312522208666/d356895dex991.htm,SBA also built 100 towers during the second quarter of 2022
2022Q3,SBAC,towers_built,113,towers,https://www.sec.gov/Archives/edgar/data/1034054/000119312522273903/d408744dex991.htm,SBA also built 113 towers during the third quarter of 2022
2022Q4,SBAC,towers_built,162,towers,https://www.sec.gov/Archives/edgar/data/1034054/000119312523043475/d459663dex991.htm,SBA also built 162 towers during the fourth quarter of 2022
2023Q1,SBAC,towers_built,52,towers,https://www.sec.gov/Archives/edgar/data/1034054/000119312523130434/d459940dex991.htm,SBA also built 52 towers during the first quarter of 2023
2023Q2,SBAC,towers_built,64,towers,https://www.sec.gov/Archives/edgar/data/1034054/000119312523199109/d505105dex991.htm,SBA also built 64 towers during the second quarter of 2023
2023Q3,SBAC,towers_built,86,towers,https://www.sec.gov/Archives/edgar/data/1034054/000119312523269367/d450780dex991.htm,SBA also built 86 towers during the third quarter of 2023
2023Q4,SBAC,towers_built,138,towers,https://www.sec.gov/Archives/edgar/data/1034054/000119312524046183/d764571dex991.htm,SBA also built 138 towers during the fourth quarter of 2023
2024Q1,SBAC,towers_built,76,towers,https://www.sec.gov/Archives/edgar/data/1034054/000119312524122368/d739171dex991.htm,SBA also built 76 towers during the first quarter of 2024
2024Q2,SBAC,towers_built,100,towers,https://www.sec.gov/Archives/edgar/data/1034054/000119312524187567/d859348dex991.htm,SBA also built 100 towers during the second quarter of 2024
2024Q3,SBAC,towers_built,147,towers,https://www.sec.gov/Archives/edgar/data/1034054/000119312524245518/d895243dex991.htm,SBA also built 147 towers during the third quarter of 2024
2024Q4,SBAC,towers_built,159,towers,https://www.sec.gov/Archives/edgar/data/1034054/000119312525033399/d830235dex991.htm,SBA also built 159 towers during the fourth quarter of 2024
2025Q1,SBAC,towers_built,67,towers,https://www.sec.gov/Archives/edgar/data/1034054/000119312525100556/d788453dex991.htm,SBA also built 67 towers during the first quarter of 2025
2025Q2,SBAC,towers_built,94,towers,https://www.sec.gov/Archives/edgar/data/1034054/000119312525172604/d36808dex991.htm,SBA also built 94 towers during the second quarter of 2025
2025Q3,SBAC,towers_built,151,towers,https://www.sec.gov/Archives/edgar/data/1034054/000119312525262644/d94208dex991.htm,SBA also built 151 towers during the third quarter of 2025
2025Q4,SBAC,towers_built,164,towers,https://www.sec.gov/Archives/edgar/data/1034054/000119312526076767/d106126dex991.htm,SBA also built 164 towers during the fourth quarter of 2025
2026Q1,SBAC,towers_built,80,towers,https://www.sec.gov/Archives/edgar/data/1034054/000119312526191545/d49075dex991.htm,SBA also built 80 towers during the first quarter of 2026
2026Q2,SBAC,towers_built,109,towers,https://www.sec.gov/Archives/edgar/data/1034054/000119312526330639/d154311dex991.htm,SBA also built 109 towers during the second quarter of 2026
2015Q1,SBAC,towers_built_us,36,towers,https://www.sec.gov/Archives/edgar/data/1034054/000119312515144553/d914887dex991.htm,"[portfolio table, cols Domestic/International/Total] Sites built during the first quarter 36 71 107"
2015Q2,SBAC,towers_built_us,45,towers,https://www.sec.gov/Archives/edgar/data/1034054/000119312515268661/d76970dex991.htm,"[portfolio table, cols Domestic/International/Total] Sites built during the second quarter 45 72 117"
2015Q3,SBAC,towers_built_us,35,towers,https://www.sec.gov/Archives/edgar/data/1034054/000119312515366490/d23522dex991.htm,"[portfolio table, cols Domestic/International/Total] Sites built during the third quarter 35 92 127"
2015Q4,SBAC,towers_built_us,22,towers,https://www.sec.gov/Archives/edgar/data/1034054/000119312516478323/d149365dex991.htm,"[portfolio table, cols Domestic/International/Total] Sites built during the fourth quarter 22 78 100"
2016Q1,SBAC,towers_built_us,10,towers,https://www.sec.gov/Archives/edgar/data/1034054/000119312516572663/d164030dex991.htm,"[portfolio table, cols Domestic/International/Total] Sites built during the first quarter 10 61 71"
2016Q2,SBAC,towers_built_us,15,towers,https://www.sec.gov/Archives/edgar/data/1034054/000119312516662346/d388864dex991.htm,"[portfolio table, cols Domestic/International/Total] Sites built during the second quarter 15 75 90"
2016Q3,SBAC,towers_built_us,8,towers,https://www.sec.gov/Archives/edgar/data/1034054/000119312516755348/d277134dex991.htm,"[portfolio table, cols Domestic/International/Total] Sites built during the third quarter 8 85 93"
2016Q4,SBAC,towers_built_us,12,towers,https://www.sec.gov/Archives/edgar/data/1034054/000119312517058954/d345332dex991.htm,"[portfolio table, cols Domestic/International/Total] Sites built during the fourth quarter 12 106 118"
2017Q1,SBAC,towers_built_us,11,towers,https://www.sec.gov/Archives/edgar/data/1034054/000119312517151850/d371822dex991.htm,"[portfolio table, cols Domestic/International/Total] Sites built during the first quarter 11 47 58"
2017Q2,SBAC,towers_built_us,14,towers,https://www.sec.gov/Archives/edgar/data/1034054/000119312517242391/d432645dex991.htm,"[portfolio table, cols Domestic/International/Total] Sites built during the second quarter 14 82 96"
2017Q3,SBAC,towers_built_us,15,towers,https://www.sec.gov/Archives/edgar/data/1034054/000119312517324958/d477152dex991.htm,"[portfolio table, cols Domestic/International/Total] Sites built during the third quarter 15 119 134"
2017Q4,SBAC,towers_built_us,12,towers,https://www.sec.gov/Archives/edgar/data/1034054/000119312518058493/d529804dex991.htm,"[portfolio table, cols Domestic/International/Total] Sites built during the fourth quarter 12 164 176"
2018Q1,SBAC,towers_built_us,5,towers,https://www.sec.gov/Archives/edgar/data/1034054/000119312518143220/d579468dex991.htm,"[portfolio table, cols Domestic/International/Total] Sites built during the first quarter 5 62 67"
2018Q2,SBAC,towers_built_us,15,towers,https://www.sec.gov/Archives/edgar/data/1034054/000119312518231494/d585243dex991.htm,"[portfolio table, cols Domestic/International/Total] Sites built during the second quarter 15 72 87"
2018Q3,SBAC,towers_built_us,7,towers,https://www.sec.gov/Archives/edgar/data/1034054/000119312518318434/d641050dex991.htm,"[portfolio table, cols Domestic/International/Total] Sites built during the third quarter 7 83 90"
2018Q4,SBAC,towers_built_us,3,towers,https://www.sec.gov/Archives/edgar/data/1034054/000119312519047020/d712252dex991.htm,"[portfolio table, cols Domestic/International/Total] Sites built during the fourth quarter 3 166 169"
2019Q1,SBAC,towers_built_us,7,towers,https://www.sec.gov/Archives/edgar/data/1034054/000119312519125229/d682325dex991.htm,"[portfolio table, cols Domestic/International/Total] Sites built during the first quarter 7 65 72"
2019Q2,SBAC,towers_built_us,7,towers,https://www.sec.gov/Archives/edgar/data/1034054/000119312519205448/d766315dex991.htm,"[portfolio table, cols Domestic/International/Total] Sites built during the second quarter 7 80 87"
2019Q3,SBAC,towers_built_us,4,towers,https://www.sec.gov/Archives/edgar/data/1034054/000119312519276205/d667448dex991.htm,"[portfolio table, cols Domestic/International/Total] Sites built during the third quarter 4 94 98"
2019Q4,SBAC,towers_built_us,7,towers,https://www.sec.gov/Archives/edgar/data/1034054/000119312520043511/d876462dex991.htm,"[portfolio table, cols Domestic/International/Total] Sites built during the fourth quarter 7 163 170"
2020Q1,SBAC,towers_built_us,4,towers,https://www.sec.gov/Archives/edgar/data/1034054/000119312520133742/d926741dex991.htm,"[portfolio table, cols Domestic/International/Total] Sites built during the first quarter 4 45 49"
2020Q2,SBAC,towers_built_us,6,towers,https://www.sec.gov/Archives/edgar/data/1034054/000119312520208085/d47475dex991.htm,"[portfolio table, cols Domestic/International/Total] Sites built during the second quarter 6 73 79"
2020Q3,SBAC,towers_built_us,0,towers,https://www.sec.gov/Archives/edgar/data/1034054/000119312520283965/d11393dex991.htm,"[portfolio table, cols Domestic/International/Total] Sites built during the third quarter — 75 75"
2020Q4,SBAC,towers_built_us,3,towers,https://www.sec.gov/Archives/edgar/data/1034054/000119312521050767/d79203dex991.htm,"[portfolio table, cols Domestic/International/Total] Sites built during the fourth quarter 3 103 106"
2021Q1,SBAC,towers_built_us,2,towers,https://www.sec.gov/Archives/edgar/data/1034054/000119312521131536/d131167dex991.htm,"[portfolio table, cols Domestic/International/Total] Sites built during the first quarter 2 60 62"
2021Q2,SBAC,towers_built_us,1,towers,https://www.sec.gov/Archives/edgar/data/1034054/000119312521233229/d214114dex991.htm,"[portfolio table, cols Domestic/International/Total] Sites built during the second quarter 1 97 98"
2021Q3,SBAC,towers_built_us,0,towers,https://www.sec.gov/Archives/edgar/data/1034054/000119312521315417/d251799dex991.htm,"[portfolio table, cols Domestic/International/Total] Sites built during the third quarter — 87 87"
2021Q4,SBAC,towers_built_us,5,towers,https://www.sec.gov/Archives/edgar/data/1034054/000119312522057959/d187289dex991.htm,"[portfolio table, cols Domestic/International/Total] Sites built during the fourth quarter 5 83 88"
2022Q1,SBAC,towers_built_us,1,towers,https://www.sec.gov/Archives/edgar/data/1034054/000119312522117571/d397141dex991.htm,"[portfolio table, cols Domestic/International/Total] Sites built during the first quarter 1 85 86"
2022Q2,SBAC,towers_built_us,2,towers,https://www.sec.gov/Archives/edgar/data/1034054/000119312522208666/d356895dex991.htm,"[portfolio table, cols Domestic/International/Total] Sites built during the second quarter 2 98 100"
2022Q3,SBAC,towers_built_us,1,towers,https://www.sec.gov/Archives/edgar/data/1034054/000119312522273903/d408744dex991.htm,"[portfolio table, cols Domestic/International/Total] Sites built during the third quarter 1 112 113"
2022Q4,SBAC,towers_built_us,7,towers,https://www.sec.gov/Archives/edgar/data/1034054/000119312523043475/d459663dex991.htm,"[portfolio table, cols Domestic/International/Total] Sites built during the fourth quarter 7 155 162"
2023Q1,SBAC,towers_built_us,3,towers,https://www.sec.gov/Archives/edgar/data/1034054/000119312523130434/d459940dex991.htm,"[portfolio table, cols Domestic/International/Total] Sites built during the first quarter 3 49 52"
2023Q2,SBAC,towers_built_us,2,towers,https://www.sec.gov/Archives/edgar/data/1034054/000119312523199109/d505105dex991.htm,"[portfolio table, cols Domestic/International/Total] Sites built during the second quarter 2 62 64"
2023Q3,SBAC,towers_built_us,3,towers,https://www.sec.gov/Archives/edgar/data/1034054/000119312523269367/d450780dex991.htm,"[portfolio table, cols Domestic/International/Total] Sites built during the third quarter 3 83 86"
2023Q4,SBAC,towers_built_us,3,towers,https://www.sec.gov/Archives/edgar/data/1034054/000119312524046183/d764571dex991.htm,"[portfolio table, cols Domestic/International/Total] Sites built during the fourth quarter 3 135 138"
2024Q1,SBAC,towers_built_us,6,towers,https://www.sec.gov/Archives/edgar/data/1034054/000119312524122368/d739171dex991.htm,"[portfolio table, cols Domestic/International/Total] Sites built during the first quarter 6 70 76"
2024Q2,SBAC,towers_built_us,5,towers,https://www.sec.gov/Archives/edgar/data/1034054/000119312524187567/d859348dex991.htm,"[portfolio table, cols Domestic/International/Total] Sites built during the second quarter 5 95 100"
2024Q3,SBAC,towers_built_us,9,towers,https://www.sec.gov/Archives/edgar/data/1034054/000119312524245518/d895243dex991.htm,"[portfolio table, cols Domestic/International/Total] Sites built during the third quarter 9 138 147"
2024Q4,SBAC,towers_built_us,8,towers,https://www.sec.gov/Archives/edgar/data/1034054/000119312525033399/d830235dex991.htm,"[portfolio table, cols Domestic/International/Total] Sites built during the fourth quarter 8 151 159"
2025Q1,SBAC,towers_built_us,2,towers,https://www.sec.gov/Archives/edgar/data/1034054/000119312525100556/d788453dex991.htm,"[portfolio table, cols Domestic/International/Total] Sites built during the first quarter 2 65 67"
2025Q2,SBAC,towers_built_us,10,towers,https://www.sec.gov/Archives/edgar/data/1034054/000119312525172604/d36808dex991.htm,"[portfolio table, cols Domestic/International/Total] Sites built during the second quarter 10 84 94"
2025Q3,SBAC,towers_built_us,5,towers,https://www.sec.gov/Archives/edgar/data/1034054/000119312525262644/d94208dex991.htm,"[portfolio table, cols Domestic/International/Total] Sites built during the third quarter 5 146 151"
2025Q4,SBAC,towers_built_us,9,towers,https://www.sec.gov/Archives/edgar/data/1034054/000119312526076767/d106126dex991.htm,"[portfolio table, cols Domestic/International/Total] Sites built during the fourth quarter 9 155 164"
2026Q1,SBAC,towers_built_us,5,towers,https://www.sec.gov/Archives/edgar/data/1034054/000119312526191545/d49075dex991.htm,"[portfolio table, cols Domestic/International/Total] Sites built during the first quarter 5 75 80"
2026Q2,SBAC,towers_built_us,10,towers,https://www.sec.gov/Archives/edgar/data/1034054/000119312526330639/d154311dex991.htm,"[portfolio table, cols Domestic/International/Total] Sites built during the second quarter 10 99 109"
